atom_index_0based,atom_index_1based,element,initial_distance_from_vacancy_A,final_distance_from_vacancy_A,radial_change_A,displacement_A,dx_A,dy_A,dz_A
183,184,O,2.779898927464988,2.645992847416222,-0.13390608004876592,0.13413104592878614,0.07652581390000009,-0.04418226999999905,-0.10091017939999844
186,187,O,2.779898927464989,2.6459955852777743,-0.13390334218721467,0.13412855859758202,-0.07652373430000022,-0.04417613439999955,-0.10091113649999756
182,183,O,2.779898388780783,2.6459951633609067,-0.1339032254198762,0.13412845858324327,-3.428599999445725e-06,0.08835926449999996,-0.10091126679999884
159,160,O,2.7945215417605938,2.6746238888273455,-0.11989765293324828,0.12192098369809849,-0.08582705439999957,-0.049551635699999125,0.07101463509999952
155,156,O,2.7945210058951075,2.674623479226103,-0.11989752666900433,0.1219208410330726,-7.51699999398947e-07,0.09910405349999993,0.07101463269999965
156,157,O,2.794521541760593,2.6746262575188813,-0.11989528424171159,0.12191848375697012,0.08582482810000021,-0.049550875499999335,0.07101356420000032
75,76,Ga,1.9467093903561978,2.063868351861867,0.11715896150566918,0.11764612397007204,-1.3042099999555079e-05,-0.11699209979999989,-0.012387852900000605
79,80,Ga,1.9467101595964413,2.063869021306592,0.11715886171015066,0.11764602216107747,0.10131130619999978,0.05850767140000019,-0.012387822800000682
76,77,Ga,1.9467101595964402,2.0638414897513764,0.11713133015493615,0.11761860115896822,-0.10129406050000006,0.05848248539999959,-0.012387394700000455
40,41,In,3.096726000000001,3.184125219800045,0.08739921980004395,0.08739921980162536,5.067000016307357e-07,1.6600000007558904e-07,-0.08739921979999891
13,14,Zn,2.547845,2.6338297429004136,0.08598474290041347,0.0859847429126823,1.4172000016539152e-06,-4.1550000012768607e-07,0.08598474289999924
48,49,In,5.955156351229242,5.989142847335699,0.033986496106456876,0.0345562352837006,-1.4474999997151489e-06,-0.005185495900000215,0.034164953200001597
49,50,In,5.955156602689888,5.989143158791438,0.033986556101550214,0.03455617177056728,-0.004491176199999919,0.002593378400000486,0.03416478789999897
52,53,In,5.955156602689888,5.989142760706652,0.033986158016763746,0.03455587722631658,0.004489885300000267,0.002594338000000344,0.03416458680000185
112,113,O,5.708285518378438,5.674533488945991,-0.03375202943244737,0.03438572555382751,0.024087233400000053,-0.013906628099999544,0.020218531199999938
109,110,O,5.708285642413807,5.6745373054919295,-0.033748336921877176,0.03438163551652916,-0.02408645230000102,-0.013899387199999473,0.02021748530000024
110,111,O,5.70828515105281,5.674536834094422,-0.033748316958388536,0.034381518267059104,-5.9743000000722635e-06,0.027808784599999997,0.020217820400000128
90,91,O,3.371567533570253,3.402453145140444,0.030885611570190985,0.0311965692058522,-0.011816290499999646,-0.02883818840000009,0.0014000352999993019
97,98,O,3.3715683995956547,3.4024539234437676,0.03088552384811294,0.031196472961631614,0.019066375200001526,0.02465224879999929,0.001399961099999795
93,94,O,3.371567533570254,3.402438693158259,0.030871159588004904,0.03118266294508078,0.01180677339999928,-0.028826991100000098,0.0014011260999990225
96,97,O,3.371568000000001,3.4024388188252552,0.030870818825254442,0.031182424019183398,0.030867951300000116,0.0041892156999995935,0.0014012929999981578
91,92,O,3.3715679999999995,3.4024381390537353,0.030870139053735812,0.03118212174770801,-0.030867268100000123,0.004192077199999927,0.0014010586999981466
94,95,O,3.371568399595654,3.4024382156347603,0.030869816039106546,0.031181735429135184,-0.01906349410000008,0.024635765700000454,0.0014010229999995216
120,121,O,4.550083999999998,4.576281663500042,0.026197663500044044,0.026197663507694258,6.33500000290392e-07,4.219999978721966e-08,0.026197663500000766
185,186,O,4.369817596944979,4.352847806158542,-0.01696979078643679,0.023714391519135278,-0.006614885299999314,0.0038188831999999753,-0.022450652299998906
179,180,O,4.369817596944979,4.352847493097147,-0.016970103847832263,0.02371421768853839,0.006614918199999982,0.003819897099999888,-0.022450286500000582
187,188,O,4.369818453485796,4.352848320958129,-0.01697013252766677,0.023714187084390572,-8.061999997432262e-07,-0.007638696500000021,-0.022450233499997405
11,12,Zn,6.371336061998656,6.3799175878893735,0.008581525890717145,0.021384169804244634,4.20199999875184e-07,-7.110000032940141e-08,0.021384169799997958
123,124,O,5.663102964425067,5.644849403798157,-0.01825356062690986,0.019223331401612725,-0.012760957199999739,0.005539285499999668,-0.013266904599999888
119,120,O,5.663102686732865,5.644849270118057,-0.01825341661480806,0.019223041202925208,-0.011177138900000879,0.008281880800000014,-0.013266775399999745
117,118,O,5.663102964425066,5.644850280248839,-0.018252684176227163,0.019221797166022927,0.012760489299999985,0.0055368279999999,-0.01326615749999713
121,122,O,5.663103202327147,5.64485047914316,-0.018252723183986852,0.01922165564229709,0.0015857124000005314,-0.013819005500000477,-0.013266222099998655
116,117,O,5.663102686732864,5.644856125986751,-0.018246560746113083,0.019215444304019173,0.011171649100000479,0.008274998999999983,-0.013264687999999117
124,125,O,5.663103202327147,5.644856737408481,-0.018246464918665772,0.019215280428139726,-0.0015806165999999976,-0.013812188800000538,-0.013264693500001942
7,8,Zn,6.476372220214726,6.494113538568333,0.017741318353606594,0.017860673894599693,0.002912805700000438,-0.001682024700000401,-0.017541095399999068
4,5,Zn,6.476372220214726,6.494112634271192,0.017740414056466314,0.017859879009689814,-0.002911949399999793,-0.0016812540000004374,-0.017540502099999366
8,9,Zn,6.47637243984007,6.494112774140343,0.017740334300273553,0.017859763895630612,-1.4550000009515285e-07,0.0033627240000006567,-0.017540332199998954
172,173,O,8.918069504770893,8.906783403021848,-0.011286101749044875,0.0149401022082269,4.912999999200068e-07,-6.680000095371634e-08,0.014940102199999448
42,43,In,6.610001596803818,6.616001965543651,0.006000368739832673,0.012788829126785934,-6.947999991444821e-07,4.4989999999571626e-07,-0.01278882909999861
38,39,In,6.6100015877438,6.615385080460358,0.005383492716558358,0.011474894025266595,4.374999997771112e-07,-6.233000003312769e-07,-0.01147489399999799
122,123,O,7.403085410673647,7.3963318447288335,-0.006753565944813467,0.010995434830143527,-7.500000011719982e-07,3.1680000009358065e-07,-0.010995434800000915
36,37,In,4.577901216988087,4.584020565357502,0.0061193483694150785,0.010066342985691605,-0.008971707199999887,0.00041780230000001804,-0.004545896199999232
44,45,In,4.577901854805104,4.584020791630672,0.006118936825568078,0.010066005907692346,-0.004847691999999236,0.007560608300000473,-0.004545498800000347
41,42,In,4.577901854805103,4.584020217060357,0.006118362255254084,0.01006494129619695,0.004847204600000139,0.007559601399999703,-0.004545335799998802
43,44,In,4.577901560507828,4.584020903137982,0.006119342630153568,0.010064532676324496,0.004123045200000857,-0.007976242799999835,-0.004546962399998948
37,38,In,4.5779015605078275,4.584019838900827,0.006118278392999166,0.010064356859123923,-0.004123187199999924,-0.007976933200000013,-0.0045452330000000105
39,40,In,4.577901216988088,4.5840201683085855,0.006118951320497779,0.010063908926598612,0.00896896809999898,0.00041693679999997986,-0.004545991400000409
135,136,O,8.466325443632437,8.459359432217425,-0.006966011415011408,0.008730634692971822,-1.0668000002391018e-06,0.0021040872999993896,-0.008473299099998903
140,141,O,8.466325363972848,8.45935933480679,-0.006966029166058263,0.008730618387936182,-0.0018229283999996282,-0.0010513716999995403,-0.008473207599999203
134,135,O,8.466325363972848,8.459361854206096,-0.006963509766752196,0.008728118815731475,0.0018221020000002697,-0.0010518870000004667,-0.008470745899999058
62,63,Ga,8.91694599453563,8.925625693644706,0.0086796991090754,0.008715483503819689,-6.8010000100799e-07,0.001124460099999831,0.008642640899998418
58,59,Ga,8.916945835021878,8.925625466204718,0.008679631182840097,0.008715412934653825,-0.0009740081999998118,-0.000561920100000125,0.00864256769999982
61,62,Ga,8.916945835021878,8.925625269935635,0.008679434913757333,0.008715144007615198,0.0009743055000001662,-0.0005629050000006749,0.008642198899997313
0,1,Zn,8.042284336130438,8.04892949431445,0.006645158184012345,0.008561432787249041,-0.0006885193000003726,0.0003977134,-0.008524429399999176
1,2,Zn,8.042284419990194,8.048929477969487,0.006645057979293156,0.00856129855927563,1.919999997408088e-07,-0.000795481200000391,-0.008524261999999585
6,7,Zn,8.04228433613044,8.048929350602993,0.006645014472553612,0.008560902724327833,0.0006889931000006193,0.000397528,-0.008523867399999325
88,89,O,8.939269544435609,8.931072391226783,-0.00819715320882608,0.008312877326929183,-0.00037817109999971647,0.00021806629999980936,0.008301407300000565
85,86,O,8.939269544435609,8.93107236797513,-0.008197176460479128,0.008312784184309112,0.00037889760000014007,0.00021818050000001017,0.008301277900000311
89,90,O,8.939269703551012,8.931072645766713,-0.008197057784299133,0.008312665972432522,2.2149999961252427e-07,-0.00043720690000010264,0.008301160500000442
160,161,O,4.379135293281997,4.371922825010518,-0.007212468271478478,0.008012282099876658,-1.3405000002467832e-06,-0.00481686809999986,0.00640269040000119
152,153,O,4.379134438563516,4.371922272686644,-0.007212165876872234,0.008011986899168893,0.004170775100000051,0.0024092509000000237,0.006402505699999228
158,159,O,4.379134438563517,4.371923686388818,-0.007210752174699131,0.008010848727145616,-0.004170158599998832,0.002407522599999957,0.0064021332000010565
174,175,O,6.740145,6.732198995900027,-0.007946004099973258,0.00794600412224212,4.859000007019622e-07,3.426000001161671e-07,0.007946004099999899
17,18,Zn,4.225989542956419,4.230625042819483,0.004635499863064219,0.007668101324403032,-0.0036947239999991803,0.005613640799999495,0.003692672400000117
9,10,Zn,4.225988852026234,4.230624297091512,0.004635445065278354,0.0076680652821522755,-0.006708909199999595,0.0003929252000000471,0.0036926105000006128
84,85,O,9.553952554720482,9.547909270254133,-0.006043284466349164,0.00766707163276236,8.465000005774929e-07,-0.0018444054000003956,0.007441918800000199
83,84,O,9.553952848298323,9.547909584332059,-0.006043263966263979,0.007667041995764418,0.0015974956999986994,0.0009218429000006339,0.007441891300000244
86,87,O,9.553952774189801,9.547909705553005,-0.006043068636795823,0.007666753856211375,-0.0015971080999999264,0.0009222757999997958,0.00744162400000036
12,13,Zn,4.225988852026234,4.2306215303383325,0.0046326783120989035,0.007665373480639498,0.006707199499999707,0.00039370040000006706,0.0036900440999986382
16,17,Zn,4.225989224152022,4.230621722902509,0.004632498750487102,0.007664714866990417,0.0030126365000003163,-0.006004793500000055,0.0036897601999976723
14,15,Zn,4.225989542956419,4.2306223209054155,0.004632777948996747,0.007664560332104344,0.003693612600000294,0.0056109768999995455,0.0036904808999990795
10,11,Zn,4.225989224152021,4.230622260137972,0.004633035985951217,0.007664270499035143,-0.0030125566999999243,-0.006003652299999797,0.0036907591999984376
74,75,Ga,5.150205542650432,5.151634538503574,0.0014289958531419344,0.007541717821178007,0.006528216799999882,-0.00376921019999966,0.00023010340000046561
73,74,Ga,5.150206015561318,5.151630913750012,0.001424898188693291,0.00753169525867658,-2.3127000000440143e-06,0.007528168800000574,0.00023044009999977647
77,78,Ga,5.150205611388395,5.151630340682408,0.0014247292940137157,0.007531466048364093,-0.006520498799999825,-0.003762038200000577,0.00023053159999947571
78,79,Ga,3.893218235486549,3.897873127162516,0.004654891675967221,0.006504641643541555,0.0040056873000008,-0.002312846899999827,-0.004573354499999806
72,73,Ga,3.893218235486548,3.897872541984444,0.004654306497895888,0.006504022866706541,-0.004007592400000034,-0.002308380900000201,-0.004573061799999843
80,81,Ga,3.8932191968832166,3.8978732662908704,0.0046540694076537825,0.0065038433114002975,-4.858400000025669e-06,0.004624630299999694,-0.004573045900001505
57,58,Ga,9.533068365142988,9.539179331034983,0.006110965891995335,0.006408020507314849,2.2470000023052652e-07,-0.000734689799999724,0.006365764499999504
56,57,Ga,9.533068659363973,9.539179583053766,0.006110923689792713,0.00640798525079017,0.000636233999998905,0.0003673261000003186,0.006365732699999922
59,60,Ga,9.533068585093103,9.539179337920789,0.006110752827686028,0.006407385371600787,-0.0006372759999999694,0.0003680341000000903,0.006364983699999939
181,182,O,5.519309262307397,5.521831992240626,0.0025227299332293285,0.006308243250530974,0.0027590608999996007,-0.0015931181000001988,0.0054445836000023675
180,181,O,5.519309703592378,5.5218309626271065,0.0025212590347285513,0.006305782330335318,-6.479000002638721e-07,0.0031831691000006605,0.0054433744000018675
184,185,O,5.51930932644851,5.521830326925773,0.0025210004772633354,0.006305584267654719,-0.0027566868000001928,-0.001590829800000697,0.005443375000000379
87,88,O,10.131410572890331,10.126083339718372,-0.005327233171959378,0.006166860805635817,-0.00018281919999866663,-0.00010581770000006829,0.006163242000000145
81,82,O,10.131410572890331,10.126083173697914,-0.005327399192417204,0.006166812488116034,0.00018394959999997585,-0.00010616769999995817,0.0061631540000003605
82,83,O,10.131410639457963,10.12608337680345,-0.0053272626545126656,0.006166746373419201,6.929999983758262e-08,0.00021090509999979173,0.006163138800000407
141,142,O,6.99597919952954,7.000380885427958,0.004401685898418606,0.005697672770900771,0.004070670400000126,-0.0023504408000000194,0.0032200226000017704
138,139,O,6.99597919952954,7.000380547553158,0.004401348023618468,0.005697075192742264,-0.004070609599999895,-0.002349339400000134,0.0032198459000012747
142,143,O,6.99597940284282,7.0003807343721585,0.004401331529338748,0.005697073158689808,-9.61400000518229e-07,0.004699932900000497,0.003219824900001058
114,115,O,4.606196905903395,4.608128837267484,0.001931931364088868,0.005357544261154823,0.004628803500000063,-0.002673043800000339,0.0003637244999995134
111,112,O,4.606196905903394,4.608128021780067,0.0019311158766734948,0.005354441504114622,-0.004626702099999767,-0.002670536700000523,0.00036318759999939495
115,116,O,4.606197214699453,4.608128206758269,0.0019309920588161944,0.005354404029159638,-8.959000001511168e-07,0.005342064400000167,0.0003633038000007883
102,103,O,8.939268677310016,8.934147903961106,-0.005120773348910035,0.005257342648347095,-4.012900000006237e-05,2.3538300000179454e-05,-0.005257136800000675
101,102,O,8.939268509792118,8.934147930919085,-0.005120578873032855,0.005257134729527907,3.0880000124182093e-07,-4.648500000012935e-05,-0.005256929200001271
105,106,O,8.939268677310018,8.93414818306556,-0.0051204942444584844,0.005257056129286478,4.026000000079646e-05,2.3306700000559074e-05,-0.005256850299999377
118,119,O,7.403085402584217,7.40612489203929,0.003039489455072264,0.004944509044511153,1.1072999998487383e-06,-4.505000007001804e-07,0.004944508900000996
104,105,O,9.553951657235082,9.55073251090179,-0.003219146333291789,0.004770096753887576,0.0016471147000009143,-0.0009510815999998254,-0.004374503400002275
98,99,O,9.553951657235082,9.550731920157958,-0.0032197370771243072,0.004769286338763731,-0.0016456160999999637,-0.0009502035000001889,-0.0043743746000001705
106,107,O,9.553952049002548,9.550732376017233,-0.003219672985315114,0.0047690421567049565,1.1200000478482977e-08,0.0019000242000007156,-0.00437420520000094
154,155,O,5.526688640898384,5.528442432570805,0.0017537916724208458,0.004608881851328944,0.002841888999999928,-0.0016409930000008338,-0.003236139799998911
153,154,O,5.52668908159415,5.52843954480638,0.0017504632122298247,0.004605373730774847,-2.4824000001801624e-06,0.003277753000000227,-0.003235088299999057
157,158,O,5.5266887049538544,5.528439670713691,0.0017509657598369088,0.004605166059259565,-0.0028394859000001127,-0.0016375447000005578,-0.0032347058000005047
5,6,Zn,7.301429364045372,7.3028174161885735,0.0013880521432012571,0.00422913150101669,0.0022867787999997675,-0.0013199483999998167,-0.003303624100000063
2,3,Zn,7.3014294610167,7.3028182701862,0.001388809169499794,0.00422902197409195,-0.0022863864000011902,-0.0013191792000001555,-0.003304062699999672
3,4,Zn,7.301429076868789,7.302817463997474,0.0013883871286850535,0.004228845252844462,-8.189999966125121e-08,0.0026398493999999994,-0.0033036838999996915
177,178,O,7.53638012574001,7.533575777213031,-0.0028043485269790835,0.0037933789326659874,0.0006690404000001709,0.0013768584999997939,0.0034707879999994347
173,174,O,7.536379917072255,7.53357576122589,-0.002804155846364509,0.003792956419041049,-0.0008572768000010103,-0.0012675249000000282,0.0034705872000001157
170,171,O,7.536379917072255,7.533575866223977,-0.0028040508482778392,0.003792718924875925,0.000857600500000357,-0.0012673482000000729,0.0034703121999998367
171,172,O,7.536380125740009,7.533576431534353,-0.002803694205655738,0.0037926630989405736,-0.0006690361000001125,0.0013767383999996354,0.003470054100000258
178,179,O,7.53638030450806,7.533576286202375,-0.0028040183056852186,0.003792568449928546,0.0015260907000006732,-0.00010889340000050158,0.003470268700000218
175,176,O,7.53638030450806,7.5335766367735495,-0.002803667734510462,0.003792458330381533,-0.0015263367000001745,-0.00010864000000024677,0.0034700480999998846
161,162,O,11.883377400673975,11.88016792299876,-0.0032094776752149556,0.003560426050656485,9.509000000017783e-06,-5.437800000030797e-06,-0.003560409199999839
162,163,O,11.883377457427537,11.880167910737892,-0.0032095466896446823,0.0035604254745669776,3.855999997905899e-07,1.0003699999762408e-05,-0.003560411399999225
167,168,O,11.883377400673975,11.880168448218242,-0.0032089524557328275,0.0035601204559811053,-8.566199999771299e-06,-5.501099999954755e-06,-0.0035601058999995302
22,23,Zn,11.439436746448841,11.442763395829788,0.0033266493809467335,0.0033299359559808136,-0.0003638303000002694,0.00021042899999999264,0.0033033044999961135
21,22,Zn,11.439436615543137,11.442763219548718,0.0033266040055810464,0.0033298576898914208,6.903000008722567e-07,-0.00042102669999982716,0.0033031330999979693
25,26,Zn,11.439436746448841,11.442763267919853,0.0033265214710116453,0.003329770271010026,0.00036490259999995636,0.00021021529999983146,0.0033030327999978197
67,68,Ga,8.747630000000001,8.750936867400029,0.0033068674000276133,0.00330686747316628,-2.6469999953313543e-07,6.432999998248366e-07,-0.003306867400000211
99,100,O,10.131409874365165,10.128706203818092,-0.0027036705470724343,0.0031640708169201784,3.3019999990020494e-07,-0.0008678717999997572,-0.003042719599999163
103,104,O,10.131409668907702,10.128706451745094,-0.00270321716260824,0.0031640259489226492,0.0007521514000000365,0.00043371399999965276,-0.0030425681000000896
100,101,O,10.131409633965415,10.12870618119407,-0.002703452771344317,0.00316393411152973,-0.0007509897000003503,0.00043348420000020074,-0.003042792300000937
54,55,Ga,10.11171910374858,10.114365253355642,0.002646149607061332,0.003074047892398619,-5.101100000448151e-06,2.8915999999999996e-06,0.0030740422999998903
60,61,Ga,10.111719103748582,10.114364606703974,0.0026455029553922316,0.003073411536551212,4.684700001238808e-06,2.7898e-06,0.0030734067000004963
55,56,Ga,10.111719170445845,10.114364542782166,0.002645372336321117,0.0030731780239759915,-2.0319999909635435e-07,-5.770300000120689e-06,0.003073172600000958
64,65,Ga,9.374886740410469,9.377829895134377,0.002943154723908492,0.0030259145381870993,-0.0005858803000000171,0.0004874875999999386,-0.002928354300000298
68,69,Ga,9.374886884120365,9.377829974586088,0.002943090465723941,0.0030257746086454268,-0.0007147059999997068,0.00026386769999980203,-0.002928289800000099
71,72,Ga,9.374886884120365,9.377829698509291,0.002942814388926962,0.0030256179917027867,0.0007140470000003172,0.0002631792000000714,-0.0029283507000005095
70,71,Ga,9.374886740410469,9.377829533215445,0.0029427928049763352,0.003025600325675606,0.0005850941999998745,0.00048699119999980745,-0.00292826940000021
63,64,Ga,9.374886572664494,9.377829375149801,0.0029428024853075385,0.0030255983025115193,0.00012909960000022754,-0.0007500572999999566,-0.0029283087999999492
66,67,Ga,9.374886572664494,9.3778293471732,0.002942774508706947,0.0030255315264068315,-0.00012892310000067264,-0.0007500217000000168,-0.002928256700000352
139,140,O,7.766028494901688,7.7681840981537045,0.002155603252016469,0.0030253619535112624,-0.0025264814999999457,0.0014590108000008685,0.0008006207999998081
136,137,O,7.76602858607175,7.768183893889271,0.002155307817520935,0.0030238770196413297,0.0025254955999984155,0.0014572784000000398,0.0008012763999999619
137,138,O,7.766028224905313,7.768183566506223,0.002155341600909466,0.003023876574348236,1.1506000002798212e-06,-0.0029157689999999015,0.0008013234999993688
53,54,In,6.843344608600751,6.845284408000426,0.001939799399674591,0.002986975078096052,1.9879999993107408e-07,-0.0007649448000004305,0.0028873655000013036
45,46,In,6.843344061656549,6.845283728803347,0.0019396671467974969,0.002986640588447424,0.0006624630999999541,0.0003820829999998546,0.00288707070000219
51,52,In,6.84334406165655,6.8452808130485066,0.0019367513919563706,0.0029855867620780887,-0.0006645769999997859,0.0003835525000001341,0.0028852995000018386
47,48,In,7.628815560008788,7.630920774925709,0.00210521491692095,0.0028605725467065073,-3.5457300000508616e-05,2.0363700000490255e-05,0.002860280300000319
46,47,In,7.628815879270449,7.63091775979106,0.002101880520610777,0.0028563913557835244,-3.009000002074612e-07,-4.180519999957666e-05,0.0028560854000024274
50,51,In,7.628815606413717,7.6309173158981345,0.0021017094844175688,0.002856321784959108,3.6433600000184744e-05,2.125789999941758e-05,0.002856010300000794
24,25,Zn,11.925945700851276,11.92861561633469,0.0026699154834144423,0.002685323476688167,0.0009900052000010272,-0.0005715038999998614,0.0024298631999988187
26,27,Zn,11.92594601469871,11.92861537370457,0.0026693590058606276,0.0026846113852496386,6.108000003281992e-07,0.0011415328000001174,0.0024298232000002046
18,19,Zn,11.925945700851274,11.92861502942673,0.002669328575455765,0.002684598004357869,-0.0009884692999999618,-0.0005712664000000403,0.0024297426999974362
69,70,Ga,10.517767814872746,10.519999733981887,0.0022319191091408896,0.0026833742083792996,-1.6700000768642944e-08,-2.1140000005408102e-07,-0.002683374200000138
166,167,O,11.395051200491551,11.392467634405396,-0.0025835660861552867,0.0026743041788667436,0.0002023607000000253,-0.00011672109999905638,-0.0026640813000009286
163,164,O,11.395051262626358,11.392468249258364,-0.002583013367994269,0.0026738403712150286,-0.00020180890000000198,-0.0001167889999991945,-0.0026636545999996508
164,165,O,11.39505101648189,11.392468019534162,-0.0025829969477282333,0.0026738005776354296,4.676000004659854e-07,0.00023324749999999997,-0.0026636075000002436
23,24,Zn,12.393371231029294,12.395428082061592,0.002056851032298468,0.002393530815156462,0.0005300960000002286,0.0003051622999999183,0.002314057899998631
19,20,Zn,12.393371398987929,12.395428002065396,0.00205660307746669,0.00239347945678795,6.960999996060975e-07,-0.0006112830999995378,0.0023141037999981086
20,21,Zn,12.393371202464456,12.395428040082873,0.002056837618416907,0.002393132584422523,-0.0005287713000003661,0.00030518810000006245,0.002313945699997971
168,169,O,10.8848389165136,10.882529951857492,-0.002308964656107193,0.002361777225886161,6.535990000008356e-05,-3.8156700000402226e-05,-0.0023605642999993855
165,166,O,10.8848389165136,10.882530113378486,-0.00230880313511328,0.0023613408534306547,-6.410609999980604e-05,-3.777700000065172e-05,-0.002360168200000665
169,170,O,10.884839047188523,10.88253037679899,-0.002308670389533418,0.002361219435395692,3.1990000008677355e-07,7.446920000064778e-05,-0.0023600447999996958
107,108,O,6.6296297139700044,6.6296064821515,-2.3231818504498847e-05,0.002265451231727417,-0.001903276500000277,0.0010988114,0.000549928499999778
108,109,O,6.629629815698762,6.6296062494356205,-2.3566263141816535e-05,0.0022625008215001407,3.050000000868764e-07,-0.0021947914000000263,0.0005493637999993587
113,114,O,6.6296297139700044,6.629606567847842,-2.3146122162032157e-05,0.0022622000866740245,0.0019006473000006594,0.0010969038,0.0005494461999993515
144,145,O,11.247045652055833,11.245011437067394,-0.0020342149884395866,0.0020416144765835103,0.0004866472000001132,0.00011613900000009366,0.001979362500000035
150,151,O,11.247045652055833,11.245011493113772,-0.0020341589420613815,0.002041576607278634,-0.0004865378999998501,0.00011634690000009049,0.0019793380999999577
143,144,O,11.247045512232491,11.245011374321452,-0.0020341379110391244,0.0020415369454592947,0.0003437528000001841,0.0003633417999999757,0.0019793154999999565
151,152,O,11.247045771844089,11.245011679677335,-0.00203409216675432,0.002041487742478324,-0.0001428511999997979,-0.000479280800000879,0.001979281599999954
148,149,O,11.247045771844089,11.245011707170441,-0.002034064673647862,0.0020414364828667286,0.00014316240000038024,-0.00047920210000070316,0.0019792253000000593
146,147,O,11.247045512232491,11.2450114859121,-0.002034026320391291,0.002041402596275646,-0.00034340299999993787,0.0003635207000000018,0.001979204800000116
147,148,O,10.729798,10.727995174300007,-0.001802825699993349,0.0018028257447459417,1.7550000055484663e-07,3.613000003525776e-07,0.0018028257000000912
145,146,O,12.216013023556563,12.214580296094612,-0.001432727461951444,0.0016311489144859943,-1.894000002212732e-07,1.0669999966134001e-07,0.0016311489000001157
176,177,O,8.918069511486104,8.916873953534164,-0.0011955579519398185,0.0015820960119116967,8.809999995899879e-08,-1.729999999469604e-07,0.0015820960000000903
149,150,O,12.216013028458878,12.214626138838572,-0.0013868896203064196,0.0015790054316313668,2.979999990859332e-07,-1.0530000000313146e-07,0.0015790054000000347
92,93,O,5.8397267976250005,5.839723072276966,-3.7253480345000867e-06,0.0015212467628184514,3.8044999996810643e-06,-2.2779000005820495e-06,0.0015212402999976557
65,66,Ga,10.517767809178883,10.518840789785333,0.0010729806064500025,0.0012901789399193948,-2.812000001227845e-07,1.5469999961289515e-07,-0.0012901789000003075
34,35,In,11.980675772065155,11.981753202847663,0.0010774307825087703,0.0010818982670442036,6.751629999991136e-05,-3.933850000035217e-05,-0.0010790727000000023
31,32,In,11.980675772065155,11.981753081237551,0.0010773091723965678,0.0010818142625078763,-6.703349999987825e-05,-3.9332400000321855e-05,-0.0010790188000000007
35,36,In,11.98067589078763,11.981753142042256,0.0010772512546264323,0.0010817622191168442,1.8579999980677567e-07,7.764730000039423e-05,-0.0010789718999999992
95,96,O,5.839726807880059,5.839726973273767,1.653937085066559e-07,0.0010687301177703004,1.7790000059722678e-07,-7.960000001691327e-08,0.0010687300999994106
127,128,O,13.889541133246086,13.890238399063596,0.0006972658175108393,0.0008000265426890999,-0.0001949788000002342,0.00011243130000029821,-0.000767714099999333
130,131,O,13.889541158733945,13.89023839239128,0.0006972336573358717,0.0007999893172940017,0.00019532279999985168,0.0001123421999992576,-0.000767600900002122
126,127,O,13.889541308600213,13.890238297980604,0.0006969893803905336,0.0007999011693686016,2.771999996310304e-07,-0.00022510159999950428,-0.0007675748000000259
133,134,O,13.474119320963718,13.474832441105296,0.000713120141577761,0.000771804346327404,3.805000001391853e-07,-7.656939999957356e-05,-0.0007679967000015863
125,126,O,13.474119043177284,13.474832231363255,0.0007131881859709921,0.0007717698691234554,6.634849999995933e-05,3.769259999986165e-05,-0.0007679882000003915
131,132,O,13.474119043177286,13.47483234283748,0.0007132996601946218,0.0007716248094467865,-6.558499999870686e-05,3.770720000006573e-05,-0.0007679073000024899
128,129,O,13.045474817387397,13.046178996747324,0.0007041793599267265,0.0007121434739582846,3.2000000073774527e-07,-5.420000001823593e-08,-0.0007121434000001217
132,133,O,13.045474932177202,13.046179038740389,0.0007041065631874233,0.0007120819038787359,1.220000053126425e-08,-7.329999967073681e-08,-0.0007120819000015625
129,130,O,13.045474932177202,13.046178851496743,0.0007039193195410576,0.0007119560726166204,4.944999999765137e-07,-3.549999905244292e-08,-0.0007119559000002617
29,30,In,12.446046239460248,12.446731135761906,0.0006848963016583554,0.0006972429953863461,0.00029295519999993216,0.0001692216000004691,-0.0006096630999999961
30,31,In,12.446046014101224,12.446730857107669,0.0006848430064447797,0.0006971983563338682,2.625000000908693e-07,-0.00033833960000021607,-0.0006095997000000011
32,33,In,12.446046182572358,12.446730820710696,0.0006846381383383005,0.0006970030309552437,-0.0002928839000002698,0.00016932140000126792,-0.0006093951999999991
33,34,In,12.894631912689443,12.895120141798468,0.0004882291090257951,0.0005313278821794874,1.451730000105411e-05,8.0771e-06,-0.0005310680999999987
27,28,In,12.894631912689443,12.89511998381951,0.0004880711300678797,0.0005313096259393972,-1.3968800000223385e-05,8.1129e-06,-0.0005310640000000056
28,29,In,12.894631964992138,12.895119959286168,0.00048799429402990313,0.0005312348731435912,1.3989999929454366e-07,-1.679819999989485e-05,-0.0005309692000000011
15,16,Zn,6.371336071398057,6.371266114342977,-6.995705507950589e-05,0.00017464395040919984,-1.0440000058020866e-07,8.190000000243559e-08,-0.0001746439000010047
